,Run,precision,recall,f1-score,support
Leve,1,0.8,0.7407407407407407,0.7692307692307693,27.0
Moderada,1,0.5,0.3333333333333333,0.4,3.0
Muito leve,1,0.696969696969697,0.696969696969697,0.696969696969697,33.0
Muito severo,1,0.0,0.0,0.0,1.0
Sadia,1,0.8064516129032258,0.8333333333333334,0.819672131147541,30.0
Severo,1,0.7142857142857143,0.9090909090909091,0.8,11.0
accuracy,1,0.7523809523809524,0.7523809523809524,0.7523809523809524,0.7523809523809524
macro avg,1,0.5862845040264396,0.5855780022446689,0.5809787662246678,105.0
weighted avg,1,0.744292297564187,0.7523809523809524,0.7462799495586381,105.0
Leve,2,0.7,0.7777777777777778,0.7368421052631579,27.0
Moderada,2,0.0,0.0,0.0,3.0
Muito leve,2,0.71875,0.696969696969697,0.7076923076923077,33.0
Muito severo,2,0.0,0.0,0.0,1.0
Sadia,2,0.8064516129032258,0.8333333333333334,0.819672131147541,30.0
Severo,2,0.6666666666666666,0.7272727272727273,0.6956521739130435,11.0
accuracy,2,0.7333333333333333,0.7333333333333333,0.7333333333333333,0.7333333333333333
macro avg,2,0.48197804659498206,0.505892255892256,0.49330978633600836,105.0
weighted avg,2,0.7061488735279058,0.7333333333333333,0.7189611508897251,105.0
Leve,3,0.6756756756756757,0.9259259259259259,0.78125,27.0
Moderada,3,0.0,0.0,0.0,3.0
Muito leve,3,0.8636363636363636,0.5757575757575758,0.6909090909090909,33.0
Muito severo,3,0.0,0.0,0.0,1.0
Sadia,3,0.7714285714285715,0.9,0.8307692307692308,30.0
Severo,3,0.7272727272727273,0.7272727272727273,0.7272727272727273,11.0
accuracy,3,0.7523809523809524,0.7523809523809524,0.7523809523809524,0.7523809523809524
macro avg,3,0.5063355563355563,0.5214927048260382,0.5050335081585082,105.0
weighted avg,3,0.7417723846295274,0.7523809523809524,0.7315888278388277,105.0
Leve,4,0.8333333333333334,0.7407407407407407,0.7843137254901961,27.0
Moderada,4,0.0,0.0,0.0,3.0
Muito leve,4,0.7428571428571429,0.7878787878787878,0.7647058823529411,33.0
Muito severo,4,0.0,0.0,0.0,1.0
Sadia,4,0.8125,0.8666666666666667,0.8387096774193549,30.0
Severo,4,0.6923076923076923,0.8181818181818182,0.75,11.0
accuracy,4,0.7714285714285715,0.7714285714285715,0.7714285714285715,0.7714285714285715
macro avg,4,0.5134996947496947,0.5355780022446689,0.522954880877082,105.0
weighted avg,4,0.7524254317111461,0.7714285714285715,0.7602195716996475,105.0
Leve,5,0.7142857142857143,0.5555555555555556,0.625,27.0
Moderada,5,0.0,0.0,0.0,3.0
Muito leve,5,0.6190476190476191,0.7878787878787878,0.6933333333333334,33.0
Muito severo,5,0.0,0.0,0.0,1.0
Sadia,5,0.8275862068965517,0.8,0.8135593220338984,30.0
Severo,5,0.7272727272727273,0.7272727272727273,0.7272727272727273,11.0
accuracy,5,0.6952380952380952,0.6952380952380952,0.6952380952380952,0.6952380952380952
macro avg,5,0.48136537791710204,0.47845117845117846,0.47652756377332645,105.0
weighted avg,5,0.6908749706779264,0.6952380952380952,0.6872550443906377,105.0
Leve,6,0.8,0.7407407407407407,0.7692307692307693,27.0
Moderada,6,0.0,0.0,0.0,3.0
Muito leve,6,0.7222222222222222,0.7878787878787878,0.7536231884057971,33.0
Muito severo,6,0.0,0.0,0.0,1.0
Sadia,6,0.8620689655172413,0.8333333333333334,0.847457627118644,30.0
Severo,6,0.6428571428571429,0.8181818181818182,0.72,11.0
accuracy,6,0.7619047619047619,0.7619047619047619,0.7619047619047619,0.7619047619047619
macro avg,6,0.504524721766101,0.5300224466891134,0.5150519307925351,105.0
weighted avg,6,0.7463507701931347,0.7619047619047619,0.7522145219064895,105.0
Leve,7,0.7,0.7777777777777778,0.7368421052631579,27.0
Moderada,7,0.0,0.0,0.0,3.0
Muito leve,7,0.71875,0.696969696969697,0.7076923076923077,33.0
Muito severo,7,0.0,0.0,0.0,1.0
Sadia,7,0.78125,0.8333333333333334,0.8064516129032258,30.0
Severo,7,0.7272727272727273,0.7272727272727273,0.7272727272727273,11.0
accuracy,7,0.7333333333333333,0.7333333333333333,0.7333333333333333,0.7333333333333333
macro avg,7,0.48787878787878797,0.505892255892256,0.49637645885523646,105.0
weighted avg,7,0.7052976190476191,0.7333333333333333,0.7184964893623638,105.0
Leve,8,0.8,0.5925925925925926,0.6808510638297872,27.0
Moderada,8,0.5,0.3333333333333333,0.4,3.0
Muito leve,8,0.6578947368421053,0.7575757575757576,0.704225352112676,33.0
Muito severo,8,0.0,0.0,0.0,1.0
Sadia,8,0.8333333333333334,0.8333333333333334,0.8333333333333334,30.0
Severo,8,0.6,0.8181818181818182,0.6923076923076923,11.0
accuracy,8,0.7238095238095238,0.7238095238095238,0.7238095238095238,0.7238095238095238
macro avg,8,0.5652046783625732,0.5558361391694725,0.5517862402639149,105.0
weighted avg,8,0.727719298245614,0.7238095238095238,0.7184552377000682,105.0
Leve,9,0.7333333333333333,0.8148148148148148,0.7719298245614035,27.0
Moderada,9,0.0,0.0,0.0,3.0
Muito leve,9,0.71875,0.696969696969697,0.7076923076923077,33.0
Muito severo,9,0.0,0.0,0.0,1.0
Sadia,9,0.8333333333333334,0.8333333333333334,0.8333333333333334,30.0
Severo,9,0.6666666666666666,0.7272727272727273,0.6956521739130435,11.0
accuracy,9,0.7428571428571429,0.7428571428571429,0.7428571428571429,0.7428571428571429
macro avg,9,0.4920138888888889,0.5120650953984288,0.501434606583348,105.0
weighted avg,9,0.7224007936507936,0.7428571428571429,0.7318869079052146,105.0
Leve,10,0.6923076923076923,0.6666666666666666,0.6792452830188679,27.0
Moderada,10,0.0,0.0,0.0,3.0
Muito leve,10,0.6875,0.6666666666666666,0.676923076923077,33.0
Muito severo,10,0.0,0.0,0.0,1.0
Sadia,10,0.7647058823529411,0.8666666666666667,0.8125,30.0
Severo,10,0.6666666666666666,0.7272727272727273,0.6956521739130435,11.0
accuracy,10,0.7047619047619048,0.7047619047619048,0.7047619047619048,0.7047619047619048
macro avg,10,0.4685300402212167,0.48787878787878797,0.47738675564249805,105.0
weighted avg,10,0.6824220713926595,0.7047619047619048,0.6924310294572805,105.0
Leve,11,0.75,0.7777777777777778,0.7636363636363637,27.0
Moderada,11,0.0,0.0,0.0,3.0
Muito leve,11,0.7058823529411765,0.7272727272727273,0.7164179104477612,33.0
Muito severo,11,0.0,0.0,0.0,1.0
Sadia,11,0.8333333333333334,0.8333333333333334,0.8333333333333334,30.0
Severo,11,0.75,0.8181818181818182,0.782608695652174,11.0
accuracy,11,0.7523809523809524,0.7523809523809524,0.7523809523809524,0.7523809523809524
macro avg,11,0.5065359477124184,0.5260942760942762,0.5159993838449387,105.0
weighted avg,11,0.7313725490196079,0.7523809523809524,0.7416063668107795,105.0
Leve,12,0.6896551724137931,0.7407407407407407,0.7142857142857143,27.0
Moderada,12,0.0,0.0,0.0,3.0
Muito leve,12,0.6875,0.6666666666666666,0.676923076923077,33.0
Muito severo,12,0.0,0.0,0.0,1.0
Sadia,12,0.7941176470588235,0.9,0.84375,30.0
Severo,12,0.8,0.7272727272727273,0.7619047619047619,11.0
accuracy,12,0.7333333333333333,0.7333333333333333,0.7333333333333333,0.7333333333333333
macro avg,12,0.49521213657876945,0.5057800224466891,0.49947725885225885,105.0
weighted avg,12,0.7041116101613057,0.7333333333333333,0.7173107448107447,105.0
Leve,13,0.8,0.7407407407407407,0.7692307692307693,27.0
Moderada,13,0.0,0.0,0.0,3.0
Muito leve,13,0.7222222222222222,0.7878787878787878,0.7536231884057971,33.0
Muito severo,13,0.0,0.0,0.0,1.0
Sadia,13,0.8571428571428571,0.8,0.8275862068965517,30.0
Severo,13,0.6,0.8181818181818182,0.6923076923076923,11.0
accuracy,13,0.7523809523809524,0.7523809523809524,0.7523809523809524,0.7523809523809524
macro avg,13,0.4965608465608466,0.5244668911335578,0.5071246428068017,105.0
weighted avg,13,0.7404535147392289,0.7523809523809524,0.743635874370507,105.0
Leve,14,0.7916666666666666,0.7037037037037037,0.7450980392156863,27.0
Moderada,14,0.0,0.0,0.0,3.0
Muito leve,14,0.675,0.8181818181818182,0.7397260273972602,33.0
Muito severo,14,0.0,0.0,0.0,1.0
Sadia,14,0.8571428571428571,0.8,0.8275862068965517,30.0
Severo,14,0.6923076923076923,0.8181818181818182,0.75,11.0
accuracy,14,0.7523809523809524,0.7523809523809524,0.7523809523809524,0.7523809523809524
macro avg,14,0.5026862026862027,0.5233445566778901,0.510401712251583,105.0
weighted avg,14,0.7331397174254317,0.7523809523809524,0.7391065920936158,105.0
Leve,15,0.7241379310344828,0.7777777777777778,0.75,27.0
Moderada,15,0.0,0.0,0.0,3.0
Muito leve,15,0.7142857142857143,0.7575757575757576,0.7352941176470589,33.0
Muito severo,15,0.0,0.0,0.0,1.0
Sadia,15,0.8571428571428571,0.8,0.8275862068965517,30.0
Severo,15,0.6666666666666666,0.7272727272727273,0.6956521739130435,11.0
accuracy,15,0.7428571428571429,0.7428571428571429,0.7428571428571429,0.7428571428571429
macro avg,15,0.4937055281882868,0.5104377104377105,0.501422083076109,105.0
weighted avg,15,0.7254359214950348,0.7428571428571429,0.7332806285932665,105.0
Leve,16,0.7333333333333333,0.8148148148148148,0.7719298245614035,27.0
Moderada,16,0.0,0.0,0.0,3.0
Muito leve,16,0.8214285714285714,0.696969696969697,0.7540983606557377,33.0
Muito severo,16,0.0,0.0,0.0,1.0
Sadia,16,0.8387096774193549,0.8666666666666667,0.8524590163934426,30.0
Severo,16,0.6428571428571429,0.8181818181818182,0.72,11.0
accuracy,16,0.7619047619047619,0.7619047619047619,0.7619047619047619,0.7619047619047619
macro avg,16,0.5060547875064004,0.5327721661054995,0.5164145336017639,105.0
weighted avg,16,0.7537129690585913,0.7619047619047619,0.7544868729200049,105.0
Leve,17,0.8095238095238095,0.6296296296296297,0.7083333333333334,27.0
Moderada,17,0.0,0.0,0.0,3.0
Muito leve,17,0.65,0.7878787878787878,0.7123287671232876,33.0
Muito severo,17,0.0,0.0,0.0,1.0
Sadia,17,0.78125,0.8333333333333334,0.8064516129032258,30.0
Severo,17,0.7272727272727273,0.7272727272727273,0.7272727272727273,11.0
accuracy,17,0.7238095238095238,0.7238095238095238,0.7238095238095238,0.7238095238095238
macro avg,17,0.49467442279942286,0.49635241301907973,0.4923977401054291,105.0
weighted avg,17,0.7118537414965985,0.7238095238095238,0.7126228352587167,105.0
Leve,18,0.696969696969697,0.8518518518518519,0.7666666666666667,27.0
Moderada,18,0.0,0.0,0.0,3.0
Muito leve,18,0.75,0.6363636363636364,0.6885245901639344,33.0
Muito severo,18,0.0,0.0,0.0,1.0
Sadia,18,0.8,0.8,0.8,30.0
Severo,18,0.6153846153846154,0.7272727272727273,0.6666666666666666,11.0
accuracy,18,0.7238095238095238,0.7238095238095238,0.7238095238095238,0.7238095238095238
macro avg,18,0.4770590520590521,0.502581369248036,0.48697632058287793,105.0
weighted avg,18,0.7079753579753579,0.7238095238095238,0.7119489981785063,105.0
Leve,19,0.7241379310344828,0.7777777777777778,0.75,27.0
Moderada,19,0.0,0.0,0.0,3.0
Muito leve,19,0.6956521739130435,0.48484848484848486,0.5714285714285714,33.0
Muito severo,19,0.0,0.0,0.0,1.0
Sadia,19,0.6923076923076923,0.9,0.782608695652174,30.0
Severo,19,0.6923076923076923,0.8181818181818182,0.75,11.0
accuracy,19,0.6952380952380952,0.6952380952380952,0.6952380952380952,0.6952380952380952
macro avg,19,0.46740091492715186,0.4968013468013468,0.4756728778467909,105.0
weighted avg,19,0.6751701072540653,0.6952380952380952,0.674622892635315,105.0
Leve,20,0.8,0.5925925925925926,0.6808510638297872,27.0
Moderada,20,0.0,0.0,0.0,3.0
Muito leve,20,0.6857142857142857,0.7272727272727273,0.7058823529411765,33.0
Muito severo,20,0.0,0.0,0.0,1.0
Sadia,20,0.7878787878787878,0.8666666666666667,0.8253968253968254,30.0
Severo,20,0.6428571428571429,0.8181818181818182,0.72,11.0
accuracy,20,0.7142857142857143,0.7142857142857143,0.7142857142857143,0.7142857142857143
macro avg,20,0.4860750360750361,0.5007856341189675,0.4886883736946315,105.0
weighted avg,20,0.7136796536796537,0.7142857142857143,0.708180963165408,105.0
Leve,21,0.7083333333333334,0.6296296296296297,0.6666666666666666,27.0
Moderada,21,0.0,0.0,0.0,3.0
Muito leve,21,0.6486486486486487,0.7272727272727273,0.6857142857142857,33.0
Muito severo,21,0.0,0.0,0.0,1.0
Sadia,21,0.8125,0.8666666666666667,0.8387096774193549,30.0
Severo,21,0.6666666666666666,0.7272727272727273,0.6956521739130435,11.0
accuracy,21,0.7142857142857143,0.7142857142857143,0.7142857142857143,0.7142857142857143
macro avg,21,0.47269144144144143,0.49180695847362516,0.4811238006188918,105.0
weighted avg,21,0.6879879879879879,0.7142857142857143,0.6994479587066244,105.0
Leve,22,0.6896551724137931,0.7407407407407407,0.7142857142857143,27.0
Moderada,22,0.0,0.0,0.0,3.0
Muito leve,22,0.7027027027027027,0.7878787878787878,0.7428571428571429,33.0
Muito severo,22,0.0,0.0,0.0,1.0
Sadia,22,0.8571428571428571,0.8,0.8275862068965517,30.0
Severo,22,0.6363636363636364,0.6363636363636364,0.6363636363636364,11.0
accuracy,22,0.7333333333333333,0.7333333333333333,0.7333333333333333,0.7333333333333333
macro avg,22,0.4809773947704982,0.49416386083052743,0.4868487834005075,105.0
weighted avg,22,0.7097539481775935,0.7333333333333333,0.7202627257799672,105.0
Leve,23,0.75,0.6666666666666666,0.7058823529411765,27.0
Moderada,23,0.0,0.0,0.0,3.0
Muito leve,23,0.6666666666666666,0.7878787878787878,0.7222222222222222,33.0
Muito severo,23,0.0,0.0,0.0,1.0
Sadia,23,0.8333333333333334,0.8333333333333334,0.8333333333333334,30.0
Severo,23,0.7272727272727273,0.7272727272727273,0.7272727272727273,11.0
accuracy,23,0.7333333333333333,0.7333333333333333,0.7333333333333333,0.7333333333333333
macro avg,23,0.49621212121212127,0.5025252525252526,0.4981184392949099,105.0
weighted avg,23,0.7166666666666667,0.7333333333333333,0.7227824463118581,105.0
Leve,24,0.7307692307692307,0.7037037037037037,0.7169811320754716,27.0
Moderada,24,0.0,0.0,0.0,3.0
Muito leve,24,0.7777777777777778,0.6363636363636364,0.7,33.0
Muito severo,24,0.0,0.0,0.0,1.0
Sadia,24,0.7714285714285715,0.9,0.8307692307692308,30.0
Severo,24,0.625,0.9090909090909091,0.7407407407407407,11.0
accuracy,24,0.7333333333333333,0.7333333333333333,0.7333333333333333,0.7333333333333333
macro avg,24,0.48416259666259664,0.5248597081930415,0.49808185059757387,105.0
weighted avg,24,0.7182408860980289,0.7333333333333333,0.7193306251167887,105.0
Leve,25,0.7142857142857143,0.5555555555555556,0.625,27.0
Moderada,25,0.0,0.0,0.0,3.0
Muito leve,25,0.6388888888888888,0.696969696969697,0.6666666666666666,33.0
Muito severo,25,0.0,0.0,0.0,1.0
Sadia,25,0.7878787878787878,0.8666666666666667,0.8253968253968254,30.0
Severo,25,0.6923076923076923,0.8181818181818182,0.75,11.0
accuracy,25,0.6952380952380952,0.6952380952380952,0.6952380952380952,0.6952380952380952
macro avg,25,0.4722268472268472,0.4895622895622896,0.47784391534391535,105.0
weighted avg,25,0.6821028178171036,0.6952380952380952,0.6846371882086167,105.0
Leve,26,0.8235294117647058,0.5185185185185185,0.6363636363636364,27.0
Moderada,26,0.0,0.0,0.0,3.0
Muito leve,26,0.6222222222222222,0.8484848484848485,0.717948717948718,33.0
Muito severo,26,0.0,0.0,0.0,1.0
Sadia,26,0.8333333333333334,0.8333333333333334,0.8333333333333334,30.0
Severo,26,0.75,0.8181818181818182,0.782608695652174,11.0
accuracy,26,0.7238095238095238,0.7238095238095238,0.7238095238095238,0.7238095238095238
macro avg,26,0.5048474945533769,0.5030864197530864,0.49504239721631027,105.0
weighted avg,26,0.7239869281045751,0.7238095238095238,0.7093602050123788,105.0
Leve,27,0.7037037037037037,0.7037037037037037,0.7037037037037037,27.0
Moderada,27,0.0,0.0,0.0,3.0
Muito leve,27,0.6666666666666666,0.7878787878787878,0.7222222222222222,33.0
Muito severo,27,0.0,0.0,0.0,1.0
Sadia,27,0.8620689655172413,0.8333333333333334,0.847457627118644,30.0
Severo,27,0.8,0.7272727272727273,0.7619047619047619,11.0
accuracy,27,0.7428571428571429,0.7428571428571429,0.7428571428571429,0.7428571428571429
macro avg,27,0.5054065559812685,0.5086980920314254,0.5058813858248886,105.0
weighted avg,27,0.720591133004926,0.7428571428571429,0.7298858526461431,105.0
Leve,28,0.8,0.7407407407407407,0.7692307692307693,27.0
Moderada,28,0.0,0.0,0.0,3.0
Muito leve,28,0.7058823529411765,0.7272727272727273,0.7164179104477612,33.0
Muito severo,28,0.0,0.0,0.0,1.0
Sadia,28,0.78125,0.8333333333333334,0.8064516129032258,30.0
Severo,28,0.6923076923076923,0.8181818181818182,0.75,11.0
accuracy,28,0.7428571428571429,0.7428571428571429,0.7428571428571429,0.7428571428571429
macro avg,28,0.4965733408748115,0.5199214365881033,0.5070167154302927,105.0
weighted avg,28,0.7233047834518423,0.7428571428571429,0.7319482876295587,105.0
Leve,29,0.7352941176470589,0.9259259259259259,0.819672131147541,27.0
Moderada,29,0.0,0.0,0.0,3.0
Muito leve,29,0.8076923076923077,0.6363636363636364,0.711864406779661,33.0
Muito severo,29,0.0,0.0,0.0,1.0
Sadia,29,0.7941176470588235,0.9,0.84375,30.0
Severo,29,0.8,0.7272727272727273,0.7619047619047619,11.0
accuracy,29,0.7714285714285715,0.7714285714285715,0.7714285714285715,0.7714285714285715
macro avg,29,0.5228506787330317,0.5315937149270482,0.5228652166386606,105.0
weighted avg,29,0.7536220642102993,0.7714285714285715,0.7553916699587124,105.0
Leve,30,0.6896551724137931,0.7407407407407407,0.7142857142857143,27.0
Moderada,30,0.5,0.3333333333333333,0.4,3.0
Muito leve,30,0.7333333333333333,0.6666666666666666,0.6984126984126984,33.0
Muito severo,30,0.0,0.0,0.0,1.0
Sadia,30,0.8181818181818182,0.9,0.8571428571428571,30.0
Severo,30,0.6363636363636364,0.6363636363636364,0.6363636363636364,11.0
accuracy,30,0.7333333333333333,0.7333333333333333,0.7333333333333333,0.7333333333333333
macro avg,30,0.5629223267154302,0.5461840628507294,0.551034151034151,105.0
weighted avg,30,0.7225347066726377,0.7333333333333333,0.7261678004535147,105.0
Leve,31,0.7307692307692307,0.7037037037037037,0.7169811320754716,27.0
Moderada,31,0.25,0.3333333333333333,0.2857142857142857,3.0
Muito leve,31,0.7096774193548387,0.6666666666666666,0.6875,33.0
Muito severo,31,0.0,0.0,0.0,1.0
Sadia,31,0.7941176470588235,0.9,0.84375,30.0
Severo,31,0.8,0.7272727272727273,0.7619047619047619,11.0
accuracy,31,0.7333333333333333,0.7333333333333333,0.7333333333333333,0.7333333333333333
macro avg,31,0.5474273828638155,0.5551627384960719,0.5493083632824199,105.0
weighted avg,31,0.7287966998213677,0.7333333333333333,0.7294912933726949,105.0
Leve,32,0.75,0.7777777777777778,0.7636363636363637,27.0
Moderada,32,0.3333333333333333,0.3333333333333333,0.3333333333333333,3.0
Muito leve,32,0.6842105263157895,0.7878787878787878,0.7323943661971831,33.0
Muito severo,32,0.0,0.0,0.0,1.0
Sadia,32,0.8518518518518519,0.7666666666666667,0.8070175438596491,30.0
Severo,32,0.7777777777777778,0.6363636363636364,0.7,11.0
accuracy,32,0.7428571428571429,0.7428571428571429,0.7428571428571429,0.7428571428571429
macro avg,32,0.5661955815464587,0.5503367003367003,0.5560636011710881,105.0
weighted avg,32,0.7422862712336397,0.7428571428571429,0.739978306842651,105.0
Leve,33,0.75,0.7777777777777778,0.7636363636363637,27.0
Moderada,33,0.0,0.0,0.0,3.0
Muito leve,33,0.6842105263157895,0.7878787878787878,0.7323943661971831,33.0
Muito severo,33,0.0,0.0,0.0,1.0
Sadia,33,0.88,0.7333333333333333,0.8,30.0
Severo,33,0.6923076923076923,0.8181818181818182,0.75,11.0
accuracy,33,0.7428571428571429,0.7428571428571429,0.7428571428571429,0.7428571428571429
macro avg,33,0.5010863697705803,0.5195286195286196,0.5076717883055911,105.0
weighted avg,33,0.7318507807981491,0.7428571428571429,0.7336875800256082,105.0
Leve,34,0.7241379310344828,0.7777777777777778,0.75,27.0
Moderada,34,0.5,0.3333333333333333,0.4,3.0
Muito leve,34,0.7333333333333333,0.6666666666666666,0.6984126984126984,33.0
Muito severo,34,0.0,0.0,0.0,1.0
Sadia,34,0.7941176470588235,0.9,0.84375,30.0
Severo,34,0.7,0.6363636363636364,0.6666666666666666,11.0
accuracy,34,0.7428571428571429,0.7428571428571429,0.7428571428571429,0.7428571428571429
macro avg,34,0.5752648185711066,0.5523569023569023,0.5598048941798941,105.0
weighted avg,34,0.7311928909494831,0.7428571428571429,0.7346995464852608,105.0
Leve,35,0.75,0.6666666666666666,0.7058823529411765,27.0
Moderada,35,0.0,0.0,0.0,3.0
Muito leve,35,0.65,0.7878787878787878,0.7123287671232876,33.0
Muito severo,35,0.0,0.0,0.0,1.0
Sadia,35,0.8571428571428571,0.8,0.8275862068965517,30.0
Severo,35,0.7272727272727273,0.7272727272727273,0.7272727272727273,11.0
accuracy,35,0.7238095238095238,0.7238095238095238,0.7238095238095238,0.7238095238095238
macro avg,35,0.49740259740259746,0.49696969696969706,0.49551167570562377,105.0
weighted avg,35,0.7182312925170068,0.7238095238095238,0.7180310385845411,105.0
Leve,36,0.7692307692307693,0.7407407407407407,0.7547169811320755,27.0
Moderada,36,0.0,0.0,0.0,3.0
Muito leve,36,0.7241379310344828,0.6363636363636364,0.6774193548387096,33.0
Muito severo,36,0.0,0.0,0.0,1.0
Sadia,36,0.75,0.9,0.8181818181818182,30.0
Severo,36,0.6923076923076923,0.8181818181818182,0.75,11.0
accuracy,36,0.7333333333333333,0.7333333333333333,0.7333333333333333,0.7333333333333333
macro avg,36,0.4892793987621575,0.5158810325476992,0.5000530256921006,105.0
weighted avg,36,0.7122015915119364,0.7333333333333333,0.7193109690066476,105.0
Leve,37,0.7307692307692307,0.7037037037037037,0.7169811320754716,27.0
Moderada,37,0.0,0.0,0.0,3.0
Muito leve,37,0.6923076923076923,0.5454545454545454,0.6101694915254238,33.0
Muito severo,37,0.0,0.0,0.0,1.0
Sadia,37,0.7105263157894737,0.9,0.7941176470588235,30.0
Severo,37,0.6666666666666666,0.9090909090909091,0.7692307692307693,11.0
accuracy,37,0.7047619047619048,0.7047619047619048,0.7047619047619048,0.7047619047619048
macro avg,37,0.4667116509221772,0.5097081930415264,0.481749839981748,105.0
weighted avg,37,0.6783432941327677,0.7047619047619048,0.6836109681874275,105.0
Leve,38,0.75,0.8888888888888888,0.8135593220338984,27.0
Moderada,38,0.0,0.0,0.0,3.0
Muito leve,38,0.8,0.7272727272727273,0.7619047619047619,33.0
Muito severo,38,0.0,0.0,0.0,1.0
Sadia,38,0.8333333333333334,0.8333333333333334,0.8333333333333334,30.0
Severo,38,0.6923076923076923,0.8181818181818182,0.75,11.0
accuracy,38,0.780952380952381,0.780952380952381,0.780952380952381,0.780952380952381
macro avg,38,0.5126068376068376,0.5446127946127947,0.526466236211999,105.0
weighted avg,38,0.7549084249084249,0.780952380952381,0.7653234175025944,105.0
Leve,39,0.8181818181818182,0.6666666666666666,0.7346938775510204,27.0
Moderada,39,0.0,0.0,0.0,3.0
Muito leve,39,0.6842105263157895,0.7878787878787878,0.7323943661971831,33.0
Muito severo,39,0.0,0.0,0.0,1.0
Sadia,39,0.8387096774193549,0.8666666666666667,0.8524590163934426,30.0
Severo,39,0.7142857142857143,0.9090909090909091,0.8,11.0
accuracy,39,0.7619047619047619,0.7619047619047619,0.7619047619047619,0.7619047619047619
macro avg,39,0.5092312893671128,0.5383838383838384,0.5199245433569409,105.0
weighted avg,39,0.739888472752892,0.7619047619047619,0.7464716120970274,105.0
Leve,40,0.7307692307692307,0.7037037037037037,0.7169811320754716,27.0
Moderada,40,0.0,0.0,0.0,3.0
Muito leve,40,0.6857142857142857,0.7272727272727273,0.7058823529411765,33.0
Muito severo,40,0.0,0.0,0.0,1.0
Sadia,40,0.8275862068965517,0.8,0.8135593220338984,30.0
Severo,40,0.6153846153846154,0.7272727272727273,0.6666666666666666,11.0
accuracy,40,0.7142857142857143,0.7142857142857143,0.7142857142857143,0.7142857142857143
macro avg,40,0.4765757231274472,0.4930415263748597,0.4838482456195355,105.0
weighted avg,40,0.7043443584330285,0.7142857142857143,0.708502106737589,105.0
Leve,41,0.696969696969697,0.8518518518518519,0.7666666666666667,27.0
Moderada,41,0.0,0.0,0.0,3.0
Muito leve,41,0.7586206896551724,0.6666666666666666,0.7096774193548387,33.0
Muito severo,41,0.0,0.0,0.0,1.0
Sadia,41,0.8333333333333334,0.8333333333333334,0.8333333333333334,30.0
Severo,41,0.6666666666666666,0.7272727272727273,0.6956521739130435,11.0
accuracy,41,0.7428571428571429,0.7428571428571429,0.7428571428571429,0.7428571428571429
macro avg,41,0.49259839777081155,0.5131874298540966,0.500888265544647,105.0
weighted avg,41,0.7255809324774842,0.7428571428571429,0.7311574166833635,105.0
Leve,42,0.7,0.5185185185185185,0.5957446808510638,27.0
Moderada,42,0.0,0.0,0.0,3.0
Muito leve,42,0.5853658536585366,0.7272727272727273,0.6486486486486487,33.0
Muito severo,42,0.0,0.0,0.0,1.0
Sadia,42,0.78125,0.8333333333333334,0.8064516129032258,30.0
Severo,42,0.7272727272727273,0.7272727272727273,0.7272727272727273,11.0
accuracy,42,0.6761904761904762,0.6761904761904762,0.6761904761904762,0.6761904761904762
macro avg,42,0.4656480968218773,0.467732884399551,0.463019611612611,105.0
weighted avg,42,0.663376887340302,0.6761904761904762,0.6636577159569609,105.0
Leve,43,0.7333333333333333,0.8148148148148148,0.7719298245614035,27.0
Moderada,43,0.0,0.0,0.0,3.0
Muito leve,43,0.7058823529411765,0.7272727272727273,0.7164179104477612,33.0
Muito severo,43,0.0,0.0,0.0,1.0
Sadia,43,0.8333333333333334,0.8333333333333334,0.8333333333333334,30.0
Severo,43,0.8,0.7272727272727273,0.7619047619047619,11.0
accuracy,43,0.7523809523809524,0.7523809523809524,0.7523809523809524,0.7523809523809524
macro avg,43,0.5120915032679738,0.5171156004489338,0.5139309717078767,105.0
weighted avg,43,0.7323249299719887,0.7523809523809524,0.7415699875132037,105.0
Leve,44,0.782608695652174,0.6666666666666666,0.72,27.0
Moderada,44,0.0,0.0,0.0,3.0
Muito leve,44,0.6585365853658537,0.8181818181818182,0.7297297297297297,33.0
Muito severo,44,0.0,0.0,0.0,1.0
Sadia,44,0.8571428571428571,0.8,0.8275862068965517,30.0
Severo,44,0.6666666666666666,0.7272727272727273,0.6956521739130435,11.0
accuracy,44,0.7333333333333333,0.7333333333333333,0.7333333333333333,0.7333333333333333
macro avg,44,0.4941591341379252,0.5020202020202021,0.4954946850898874,105.0
weighted avg,44,0.7229501061647706,0.7333333333333333,0.7238175352478202,105.0
Leve,45,0.71875,0.8518518518518519,0.7796610169491526,27.0
Moderada,45,0.0,0.0,0.0,3.0
Muito leve,45,0.7894736842105263,0.45454545454545453,0.5769230769230769,33.0
Muito severo,45,0.0,0.0,0.0,1.0
Sadia,45,0.7105263157894737,0.9,0.7941176470588235,30.0
Severo,45,0.6,0.8181818181818182,0.6923076923076923,11.0
accuracy,45,0.7047619047619048,0.7047619047619048,0.7047619047619048,0.7047619047619048
macro avg,45,0.46979166666666666,0.5040965207631875,0.4738349055397908,105.0
weighted avg,45,0.6988063909774436,0.7047619047619048,0.6812211716498856,105.0
Leve,46,0.7586206896551724,0.8148148148148148,0.7857142857142857,27.0
Moderada,46,0.0,0.0,0.0,3.0
Muito leve,46,0.7419354838709677,0.696969696969697,0.71875,33.0
Muito severo,46,0.0,0.0,0.0,1.0
Sadia,46,0.8064516129032258,0.8333333333333334,0.819672131147541,30.0
Severo,46,0.6153846153846154,0.7272727272727273,0.6666666666666666,11.0
accuracy,46,0.7428571428571429,0.7428571428571429,0.7428571428571429,0.7428571428571429
macro avg,46,0.4870654003023302,0.5120650953984288,0.4984671805880822,105.0
weighted avg,46,0.7231372261405631,0.7428571428571429,0.7319669807813834,105.0
Leve,47,0.7096774193548387,0.8148148148148148,0.7586206896551724,27.0
Moderada,47,0.0,0.0,0.0,3.0
Muito leve,47,0.6944444444444444,0.7575757575757576,0.7246376811594203,33.0
Muito severo,47,0.0,0.0,0.0,1.0
Sadia,47,0.8518518518518519,0.7666666666666667,0.8070175438596491,30.0
Severo,47,0.7272727272727273,0.7272727272727273,0.7272727272727273,11.0
accuracy,47,0.7428571428571429,0.7428571428571429,0.7428571428571429,0.7428571428571429
macro avg,47,0.49720774048731037,0.5110549943883277,0.5029247736578282,105.0
weighted avg,47,0.7203191670933606,0.7428571428571429,0.729584080140381,105.0
Leve,48,0.6875,0.8148148148148148,0.7457627118644068,27.0
Moderada,48,0.0,0.0,0.0,3.0
Muito leve,48,0.7777777777777778,0.6363636363636364,0.7,33.0
Muito severo,48,0.0,0.0,0.0,1.0
Sadia,48,0.7714285714285715,0.9,0.8307692307692308,30.0
Severo,48,0.7272727272727273,0.7272727272727273,0.7272727272727273,11.0
accuracy,48,0.7428571428571429,0.7428571428571429,0.7428571428571429,0.7428571428571429
macro avg,48,0.49399651274651274,0.5130751964085297,0.5006341116510608,105.0
weighted avg,48,0.717828798185941,0.7428571428571429,0.7253206680325324,105.0
Leve,49,0.7142857142857143,0.7407407407407407,0.7272727272727273,27.0
Moderada,49,0.0,0.0,0.0,3.0
Muito leve,49,0.75,0.6363636363636364,0.6885245901639344,33.0
Muito severo,49,0.0,0.0,0.0,1.0
Sadia,49,0.75,0.9,0.8181818181818182,30.0
Severo,49,0.6923076923076923,0.8181818181818182,0.75,11.0
accuracy,49,0.7333333333333333,0.7333333333333333,0.7333333333333333,0.7333333333333333
macro avg,49,0.4844322344322345,0.5158810325476992,0.4973298559364134,105.0
weighted avg,49,0.7062009419152275,0.7333333333333333,0.7157440919736002,105.0
Leve,50,0.8076923076923077,0.7777777777777778,0.7924528301886793,27.0
Moderada,50,0.5,0.3333333333333333,0.4,3.0
Muito leve,50,0.7419354838709677,0.696969696969697,0.71875,33.0
Muito severo,50,0.0,0.0,0.0,1.0
Sadia,50,0.8125,0.8666666666666667,0.8387096774193549,30.0
Severo,50,0.6153846153846154,0.7272727272727273,0.6666666666666666,11.0
accuracy,50,0.7523809523809524,0.7523809523809524,0.7523809523809524,0.7523809523809524
macro avg,50,0.5795854011579818,0.5670033670033671,0.5694298623791169,105.0
weighted avg,50,0.7517694670920477,0.7523809523809524,0.7505676197238887,105.0
Leve,51,0.7692307692307693,0.7407407407407407,0.7547169811320755,27.0
Moderada,51,0.0,0.0,0.0,3.0
Muito leve,51,0.7096774193548387,0.6666666666666666,0.6875,33.0
Muito severo,51,0.0,0.0,0.0,1.0
Sadia,51,0.7647058823529411,0.8666666666666667,0.8125,30.0
Severo,51,0.6153846153846154,0.7272727272727273,0.6666666666666666,11.0
accuracy,51,0.7238095238095238,0.7238095238095238,0.7238095238095238,0.7238095238095238
macro avg,51,0.47649978105386076,0.5002244668911335,0.48689727463312366,105.0
weighted avg,51,0.7037999318834234,0.7238095238095238,0.7121256364180892,105.0
Leve,52,0.65625,0.7777777777777778,0.711864406779661,27.0
Moderada,52,0.0,0.0,0.0,3.0
Muito leve,52,0.7,0.6363636363636364,0.6666666666666666,33.0
Muito severo,52,0.0,0.0,0.0,1.0
Sadia,52,0.7575757575757576,0.8333333333333334,0.7936507936507936,30.0
Severo,52,0.7777777777777778,0.6363636363636364,0.7,11.0
accuracy,52,0.7047619047619048,0.7047619047619048,0.7047619047619048,0.7047619047619048
macro avg,52,0.48193392255892253,0.4806397306397306,0.47869697784952026,105.0
weighted avg,52,0.6866816979316979,0.7047619047619048,0.6926653599292825,105.0
Leve,53,0.7272727272727273,0.8888888888888888,0.8,27.0
Moderada,53,0.0,0.0,0.0,3.0
Muito leve,53,0.7931034482758621,0.696969696969697,0.7419354838709677,33.0
Muito severo,53,0.0,0.0,0.0,1.0
Sadia,53,0.8275862068965517,0.8,0.8135593220338984,30.0
Severo,53,0.6428571428571429,0.8181818181818182,0.72,11.0
accuracy,53,0.7619047619047619,0.7619047619047619,0.7619047619047619,0.7619047619047619
macro avg,53,0.498469920883714,0.534006734006734,0.5125824676508111,105.0
weighted avg,53,0.740074211502783,0.7619047619047619,0.7467681012262751,105.0
Leve,54,0.696969696969697,0.8518518518518519,0.7666666666666667,27.0
Moderada,54,0.0,0.0,0.0,3.0
Muito leve,54,0.7352941176470589,0.7575757575757576,0.746268656716418,33.0
Muito severo,54,0.0,0.0,0.0,1.0
Sadia,54,0.8620689655172413,0.8333333333333334,0.847457627118644,30.0
Severo,54,0.7777777777777778,0.6363636363636364,0.7,11.0
accuracy,54,0.7619047619047619,0.7619047619047619,0.7619047619047619,0.7619047619047619
macro avg,54,0.5120184263186291,0.5131874298540965,0.5100654917502881,105.0
weighted avg,54,0.7381001163962625,0.7619047619047619,0.7471485189066773,105.0
Leve,55,0.8260869565217391,0.7037037037037037,0.76,27.0
Moderada,55,0.0,0.0,0.0,3.0
Muito leve,55,0.6842105263157895,0.7878787878787878,0.7323943661971831,33.0
Muito severo,55,0.0,0.0,0.0,1.0
Sadia,55,0.8064516129032258,0.8333333333333334,0.819672131147541,30.0
Severo,55,0.7272727272727273,0.7272727272727273,0.7272727272727273,11.0
accuracy,55,0.7428571428571429,0.7428571428571429,0.7428571428571429,0.7428571428571429
macro avg,55,0.507336970502247,0.5086980920314254,0.506556537436242,105.0
weighted avg,55,0.7340651769676645,0.7428571428571429,0.7359921716088882,105.0
Leve,56,0.8076923076923077,0.7777777777777778,0.7924528301886793,27.0
Moderada,56,0.0,0.0,0.0,3.0
Muito leve,56,0.7352941176470589,0.7575757575757576,0.746268656716418,33.0
Muito severo,56,0.0,0.0,0.0,1.0
Sadia,56,0.8064516129032258,0.8333333333333334,0.819672131147541,30.0
Severo,56,0.6923076923076923,0.8181818181818182,0.75,11.0
accuracy,56,0.7619047619047619,0.7619047619047619,0.7619047619047619,0.7619047619047619
macro avg,56,0.5069576217583808,0.5311447811447813,0.518065603008773,105.0
weighted avg,56,0.7417269637383489,0.7619047619047619,0.7510786287729748,105.0
Leve,57,0.75,0.6666666666666666,0.7058823529411765,27.0
Moderada,57,0.0,0.0,0.0,3.0
Muito leve,57,0.6666666666666666,0.7272727272727273,0.6956521739130435,33.0
Muito severo,57,0.0,0.0,0.0,1.0
Sadia,57,0.8064516129032258,0.8333333333333334,0.819672131147541,30.0
Severo,57,0.6923076923076923,0.8181818181818182,0.75,11.0
accuracy,57,0.7238095238095238,0.7238095238095238,0.7238095238095238,0.7238095238095238
macro avg,57,0.4859043286462641,0.5075757575757577,0.4952011096669602,105.0
weighted avg,57,0.7053231714522037,0.7238095238095238,0.7129096114568421,105.0
Leve,58,0.6571428571428571,0.8518518518518519,0.7419354838709677,27.0
Moderada,58,0.0,0.0,0.0,3.0
Muito leve,58,0.7931034482758621,0.696969696969697,0.7419354838709677,33.0
Muito severo,58,0.0,0.0,0.0,1.0
Sadia,58,0.8666666666666667,0.8666666666666667,0.8666666666666667,30.0
Severo,58,0.7272727272727273,0.7272727272727273,0.7272727272727273,11.0
accuracy,58,0.7619047619047619,0.7619047619047619,0.7619047619047619,0.7619047619047619
macro avg,58,0.5073642832263522,0.5237934904601572,0.512968393613555,105.0
weighted avg,58,0.7420501993901009,0.7619047619047619,0.7477726574500768,105.0
Leve,59,0.7777777777777778,0.7777777777777778,0.7777777777777778,27.0
Moderada,59,0.2,0.3333333333333333,0.25,3.0
Muito leve,59,0.7586206896551724,0.6666666666666666,0.7096774193548387,33.0
Muito severo,59,0.0,0.0,0.0,1.0
Sadia,59,0.7878787878787878,0.8666666666666667,0.8253968253968254,30.0
Severo,59,0.8181818181818182,0.8181818181818182,0.8181818181818182,11.0
accuracy,59,0.7523809523809524,0.7523809523809524,0.7523809523809524,0.7523809523809524
macro avg,59,0.5570765122489261,0.5771043771043771,0.5635056401185433,105.0
weighted avg,59,0.7549604418569936,0.7523809523809524,0.7517262819106137,105.0
Leve,60,0.6428571428571429,0.6666666666666666,0.6545454545454545,27.0
Moderada,60,0.0,0.0,0.0,3.0
Muito leve,60,0.6486486486486487,0.7272727272727273,0.6857142857142857,33.0
Muito severo,60,0.0,0.0,0.0,1.0
Sadia,60,0.8333333333333334,0.8333333333333334,0.8333333333333334,30.0
Severo,60,0.7,0.6363636363636364,0.6666666666666666,11.0
accuracy,60,0.7047619047619048,0.7047619047619048,0.7047619047619048,0.7047619047619048
macro avg,60,0.4708065208065208,0.4772727272727273,0.4733766233766234,105.0
weighted avg,60,0.6805956977385549,0.7047619047619048,0.6917584003298289,105.0
Leve,61,0.6857142857142857,0.8888888888888888,0.7741935483870968,27.0
Moderada,61,0.0,0.0,0.0,3.0
Muito leve,61,0.8214285714285714,0.696969696969697,0.7540983606557377,33.0
Muito severo,61,0.0,0.0,0.0,1.0
Sadia,61,0.8387096774193549,0.8666666666666667,0.8524590163934426,30.0
Severo,61,0.7,0.6363636363636364,0.6666666666666666,11.0
accuracy,61,0.7619047619047619,0.7619047619047619,0.7619047619047619,0.7619047619047619
macro avg,61,0.507642089093702,0.5148148148148148,0.5079029320171572,105.0
weighted avg,61,0.7474544656572307,0.7619047619047619,0.7494816717450243,105.0
Leve,62,0.7777777777777778,0.7777777777777778,0.7777777777777778,27.0
Moderada,62,0.0,0.0,0.0,3.0
Muito leve,62,0.75,0.7272727272727273,0.7384615384615385,33.0
Muito severo,62,0.0,0.0,0.0,1.0
Sadia,62,0.8125,0.8666666666666667,0.8387096774193549,30.0
Severo,62,0.6923076923076923,0.8181818181818182,0.75,11.0
accuracy,62,0.7619047619047619,0.7619047619047619,0.7619047619047619,0.7619047619047619
macro avg,62,0.5054309116809117,0.5316498316498317,0.5174914989431119,105.0
weighted avg,62,0.7403846153846154,0.7619047619047619,0.7502906770648705,105.0
Leve,63,0.6875,0.8148148148148148,0.7457627118644068,27.0
Moderada,63,0.0,0.0,0.0,3.0
Muito leve,63,0.75,0.6363636363636364,0.6885245901639344,33.0
Muito severo,63,0.0,0.0,0.0,1.0
Sadia,63,0.78125,0.8333333333333334,0.8064516129032258,30.0
Severo,63,0.6363636363636364,0.6363636363636364,0.6363636363636364,11.0
accuracy,63,0.7142857142857143,0.7142857142857143,0.7142857142857143,0.7142857142857143
macro avg,63,0.4758522727272727,0.48681257014590346,0.47951709188253394,105.0
weighted avg,63,0.7023809523809523,0.7142857142857143,0.7052424103128152,105.0
Leve,64,0.6666666666666666,0.7407407407407407,0.7017543859649122,27.0
Moderada,64,0.0,0.0,0.0,3.0
Muito leve,64,0.6857142857142857,0.7272727272727273,0.7058823529411765,33.0
Muito severo,64,0.0,0.0,0.0,1.0
Sadia,64,0.8275862068965517,0.8,0.8135593220338984,30.0
Severo,64,0.7,0.6363636363636364,0.6666666666666666,11.0
accuracy,64,0.7142857142857143,0.7142857142857143,0.7142857142857143,0.7142857142857143
macro avg,64,0.47999452654625063,0.4840628507295173,0.48131045460110894,105.0
weighted avg,64,0.6967253108139809,0.7142857142857143,0.7045866577377309,105.0
Leve,65,0.7727272727272727,0.6296296296296297,0.6938775510204082,27.0
Moderada,65,0.0,0.0,0.0,3.0
Muito leve,65,0.6857142857142857,0.7272727272727273,0.7058823529411765,33.0
Muito severo,65,0.0,0.0,0.0,1.0
Sadia,65,0.7878787878787878,0.8666666666666667,0.8253968253968254,30.0
Severo,65,0.6,0.8181818181818182,0.6923076923076923,11.0
accuracy,65,0.7238095238095238,0.7238095238095238,0.7238095238095238,0.7238095238095238
macro avg,65,0.4743867243867244,0.5069584736251403,0.4862440702776838,105.0
weighted avg,65,0.7021768707482993,0.7238095238095238,0.7086295323990403,105.0
Leve,66,0.7931034482758621,0.8518518518518519,0.8214285714285714,27.0
Moderada,66,0.0,0.0,0.0,3.0
Muito leve,66,0.7575757575757576,0.7575757575757576,0.7575757575757576,33.0
Muito severo,66,0.0,0.0,0.0,1.0
Sadia,66,0.8333333333333334,0.8333333333333334,0.8333333333333334,30.0
Severo,66,0.75,0.8181818181818182,0.782608695652174,11.0
accuracy,66,0.780952380952381,0.780952380952381,0.780952380952381,0.780952380952381
macro avg,66,0.5223354231974922,0.5434904601571269,0.5324910596649727,105.0
weighted avg,66,0.7587027914614123,0.780952380952381,0.7694025436261462,105.0
Leve,67,0.696969696969697,0.8518518518518519,0.7666666666666667,27.0
Moderada,67,0.3333333333333333,0.3333333333333333,0.3333333333333333,3.0
Muito leve,67,0.782608695652174,0.5454545454545454,0.6428571428571429,33.0
Muito severo,67,0.0,0.0,0.0,1.0
Sadia,67,0.7714285714285715,0.9,0.8307692307692308,30.0
Severo,67,0.7272727272727273,0.7272727272727273,0.7272727272727273,11.0
accuracy,67,0.7333333333333333,0.7333333333333333,0.7333333333333333,0.7333333333333333
macro avg,67,0.5519355041094172,0.559652076318743,0.5501498501498502,105.0
weighted avg,67,0.7313059611196258,0.7333333333333333,0.7222605965463109,105.0
Leve,68,0.6666666666666666,0.8888888888888888,0.7619047619047619,27.0
Moderada,68,0.5,0.3333333333333333,0.4,3.0
Muito leve,68,0.8235294117647058,0.42424242424242425,0.56,33.0
Muito severo,68,0.0,0.0,0.0,1.0
Sadia,68,0.7105263157894737,0.9,0.7941176470588235,30.0
Severo,68,0.6666666666666666,0.7272727272727273,0.6956521739130435,11.0
accuracy,68,0.7047619047619048,0.7047619047619048,0.7047619047619048,0.7047619047619048
macro avg,68,0.5612315101479187,0.5456228956228957,0.5352790971461048,105.0
weighted avg,68,0.7173866037643126,0.7047619047619048,0.6831155418689215,105.0
Leve,69,0.7419354838709677,0.8518518518518519,0.7931034482758621,27.0
Moderada,69,0.0,0.0,0.0,3.0
Muito leve,69,0.8,0.6060606060606061,0.6896551724137931,33.0
Muito severo,69,0.0,0.0,0.0,1.0
Sadia,69,0.7297297297297297,0.9,0.8059701492537313,30.0
Severo,69,0.75,0.8181818181818182,0.782608695652174,11.0
accuracy,69,0.7523809523809524,0.7523809523809524,0.7523809523809524,0.7523809523809524
macro avg,69,0.5036108689334496,0.5293490460157128,0.5118895775992601,105.0
weighted avg,69,0.7292776186324573,0.7523809523809524,0.7329544183132314,105.0
Leve,70,0.7407407407407407,0.7407407407407407,0.7407407407407407,27.0
Moderada,70,0.5,0.3333333333333333,0.4,3.0
Muito leve,70,0.7272727272727273,0.7272727272727273,0.7272727272727273,33.0
Muito severo,70,0.0,0.0,0.0,1.0
Sadia,70,0.8181818181818182,0.9,0.8571428571428571,30.0
Severo,70,0.7,0.6363636363636364,0.6666666666666666,11.0
accuracy,70,0.7523809523809524,0.7523809523809524,0.7523809523809524,0.7523809523809524
macro avg,70,0.5810325476992144,0.5562850729517396,0.5653038319704986,105.0
weighted avg,70,0.7404329004329004,0.7523809523809524,0.7452154195011337,105.0
Leve,71,0.7333333333333333,0.8148148148148148,0.7719298245614035,27.0
Moderada,71,0.0,0.0,0.0,3.0
Muito leve,71,0.71875,0.696969696969697,0.7076923076923077,33.0
Muito severo,71,0.0,0.0,0.0,1.0
Sadia,71,0.8333333333333334,0.8333333333333334,0.8333333333333334,30.0
Severo,71,0.6666666666666666,0.7272727272727273,0.6956521739130435,11.0
accuracy,71,0.7428571428571429,0.7428571428571429,0.7428571428571429,0.7428571428571429
macro avg,71,0.4920138888888889,0.5120650953984288,0.501434606583348,105.0
weighted avg,71,0.7224007936507936,0.7428571428571429,0.7318869079052146,105.0
Leve,72,0.7407407407407407,0.7407407407407407,0.7407407407407407,27.0
Moderada,72,0.0,0.0,0.0,3.0
Muito leve,72,0.7142857142857143,0.7575757575757576,0.7352941176470589,33.0
Muito severo,72,0.0,0.0,0.0,1.0
Sadia,72,0.8620689655172413,0.8333333333333334,0.847457627118644,30.0
Severo,72,0.6923076923076923,0.8181818181818182,0.75,11.0
accuracy,72,0.7523809523809524,0.7523809523809524,0.7523809523809524,0.7523809523809524
macro avg,72,0.5015671854752314,0.5249719416386084,0.5122487475844073,105.0
weighted avg,72,0.7337988776412421,0.7523809523809524,0.7422708066277358,105.0
Leve,73,0.7142857142857143,0.7407407407407407,0.7272727272727273,27.0
Moderada,73,0.0,0.0,0.0,3.0
Muito leve,73,0.7272727272727273,0.7272727272727273,0.7272727272727273,33.0
Muito severo,73,0.0,0.0,0.0,1.0
Sadia,73,0.8387096774193549,0.8666666666666667,0.8524590163934426,30.0
Severo,73,0.6153846153846154,0.7272727272727273,0.6666666666666666,11.0
accuracy,73,0.7428571428571429,0.7428571428571429,0.7428571428571429,0.7428571428571429
macro avg,73,0.482608789060402,0.5103254769921436,0.49561185626759396,105.0
weighted avg,73,0.7163450988335781,0.7428571428571429,0.7289854043952404,105.0
Leve,74,0.7241379310344828,0.7777777777777778,0.75,27.0
Moderada,74,0.0,0.0,0.0,3.0
Muito leve,74,0.78125,0.7575757575757576,0.7692307692307693,33.0
Muito severo,74,0.0,0.0,0.0,1.0
Sadia,74,0.84375,0.9,0.8709677419354839,30.0
Severo,74,0.5833333333333334,0.6363636363636364,0.6086956521739131,11.0
accuracy,74,0.7619047619047619,0.7619047619047619,0.7619047619047619,0.7619047619047619
macro avg,74,0.48874521072796934,0.5119528619528619,0.4998156938900277,105.0
weighted avg,74,0.7339251505199781,0.7619047619047619,0.7472314268246947,105.0
Leve,75,0.65,0.9629629629629629,0.7761194029850746,27.0
Moderada,75,0.0,0.0,0.0,3.0
Muito leve,75,0.8421052631578947,0.48484848484848486,0.6153846153846154,33.0
Muito severo,75,0.0,0.0,0.0,1.0
Sadia,75,0.7297297297297297,0.9,0.8059701492537313,30.0
Severo,75,0.7777777777777778,0.6363636363636364,0.7,11.0
accuracy,75,0.7238095238095238,0.7238095238095238,0.7238095238095238,0.7238095238095238
macro avg,75,0.49993546177756704,0.49736251402918064,0.4829123612705703,105.0
weighted avg,75,0.7217802012538855,0.7238095238095238,0.6965906730085836,105.0
Leve,76,0.631578947368421,0.8888888888888888,0.7384615384615385,27.0
Moderada,76,0.0,0.0,0.0,3.0
Muito leve,76,0.7727272727272727,0.5151515151515151,0.6181818181818182,33.0
Muito severo,76,0.0,0.0,0.0,1.0
Sadia,76,0.75,0.9,0.8181818181818182,30.0
Severo,76,0.7777777777777778,0.6363636363636364,0.7,11.0
accuracy,76,0.7142857142857143,0.7142857142857143,0.7142857142857143,0.7142857142857143
macro avg,76,0.4886806663122452,0.49006734006734004,0.4791375291375292,105.0
weighted avg,76,0.7010303536619327,0.7142857142857143,0.6912753912753914,105.0
Leve,77,0.6896551724137931,0.7407407407407407,0.7142857142857143,27.0
Moderada,77,0.0,0.0,0.0,3.0
Muito leve,77,0.7096774193548387,0.6666666666666666,0.6875,33.0
Muito severo,77,0.0,0.0,0.0,1.0
Sadia,77,0.7878787878787878,0.8666666666666667,0.8253968253968254,30.0
Severo,77,0.6666666666666666,0.7272727272727273,0.6956521739130435,11.0
accuracy,77,0.7238095238095238,0.7238095238095238,0.7238095238095238,0.7238095238095238
macro avg,77,0.4756463410523477,0.5002244668911335,0.48713911893259715,105.0
weighted avg,77,0.6953308710817053,0.7238095238095238,0.7084504091491669,105.0
Leve,78,0.6896551724137931,0.7407407407407407,0.7142857142857143,27.0
Moderada,78,0.0,0.0,0.0,3.0
Muito leve,78,0.7058823529411765,0.7272727272727273,0.7164179104477612,33.0
Muito severo,78,0.0,0.0,0.0,1.0
Sadia,78,0.8333333333333334,0.8333333333333334,0.8333333333333334,30.0
Severo,78,0.6666666666666666,0.7272727272727273,0.6956521739130435,11.0
accuracy,78,0.7333333333333333,0.7333333333333333,0.7333333333333333,0.7333333333333333
macro avg,78,0.48258958755916165,0.504769921436588,0.49328152199664205,105.0
weighted avg,78,0.7071251489101388,0.7333333333333333,0.7198064689860371,105.0
Leve,79,0.7333333333333333,0.8148148148148148,0.7719298245614035,27.0
Moderada,79,0.0,0.0,0.0,3.0
Muito leve,79,0.7931034482758621,0.696969696969697,0.7419354838709677,33.0
Muito severo,79,0.0,0.0,0.0,1.0
Sadia,79,0.8387096774193549,0.8666666666666667,0.8524590163934426,30.0
Severo,79,0.6153846153846154,0.7272727272727273,0.6666666666666666,11.0
accuracy,79,0.7523809523809524,0.7523809523809524,0.7523809523809524,0.7523809523809524
macro avg,79,0.49675517906886096,0.5176206509539844,0.5054984985820801,105.0
weighted avg,79,0.7419327131896652,0.7523809523809524,0.7450769529146326,105.0
Leve,80,0.7777777777777778,0.7777777777777778,0.7777777777777778,27.0
Moderada,80,0.0,0.0,0.0,3.0
Muito leve,80,0.7058823529411765,0.7272727272727273,0.7164179104477612,33.0
Muito severo,80,0.0,0.0,0.0,1.0
Sadia,80,0.8275862068965517,0.8,0.8135593220338984,30.0
Severo,80,0.6428571428571429,0.8181818181818182,0.72,11.0
accuracy,80,0.7428571428571429,0.7428571428571429,0.7428571428571429,0.7428571428571429
macro avg,80,0.4923505800787748,0.5205387205387205,0.5046258350432394,105.0
weighted avg,80,0.7256488802417519,0.7428571428571429,0.7330340067218387,105.0
Leve,81,0.7241379310344828,0.7777777777777778,0.75,27.0
Moderada,81,0.25,0.3333333333333333,0.2857142857142857,3.0
Muito leve,81,0.7083333333333334,0.5151515151515151,0.5964912280701754,33.0
Muito severo,81,0.0,0.0,0.0,1.0
Sadia,81,0.7222222222222222,0.8666666666666667,0.7878787878787878,30.0
Severo,81,0.75,0.8181818181818182,0.782608695652174,11.0
accuracy,81,0.7047619047619048,0.7047619047619048,0.7047619047619048,0.7047619047619048
macro avg,81,0.5257822477650064,0.5518518518518519,0.5337821662192371,105.0
weighted avg,81,0.7008894362342638,0.7047619047619048,0.69558488259044,105.0
Leve,82,0.6666666666666666,0.7407407407407407,0.7017543859649122,27.0
Moderada,82,0.0,0.0,0.0,3.0
Muito leve,82,0.7058823529411765,0.7272727272727273,0.7164179104477612,33.0
Muito severo,82,0.0,0.0,0.0,1.0
Sadia,82,0.8333333333333334,0.8333333333333334,0.8333333333333334,30.0
Severo,82,0.7272727272727273,0.7272727272727273,0.7272727272727273,11.0
accuracy,82,0.7333333333333333,0.7333333333333333,0.7333333333333333,0.7333333333333333
macro avg,82,0.4888591800356507,0.504769921436588,0.4964630595031223,105.0
weighted avg,82,0.7075630252100841,0.7333333333333333,0.7198967568174166,105.0
Leve,83,0.8,0.7407407407407407,0.7692307692307693,27.0
Moderada,83,0.0,0.0,0.0,3.0
Muito leve,83,0.7058823529411765,0.7272727272727273,0.7164179104477612,33.0
Muito severo,83,0.0,0.0,0.0,1.0
Sadia,83,0.7647058823529411,0.8666666666666667,0.8125,30.0
Severo,83,0.75,0.8181818181818182,0.782608695652174,11.0
accuracy,83,0.7523809523809524,0.7523809523809524,0.7523809523809524,0.7523809523809524
macro avg,83,0.5034313725490196,0.5254769921436588,0.5134595625551174,105.0
weighted avg,83,0.7246218487394959,0.7523809523809524,0.7370925472969599,105.0
Leve,84,0.7916666666666666,0.7037037037037037,0.7450980392156863,27.0
Moderada,84,0.0,0.0,0.0,3.0
Muito leve,84,0.6578947368421053,0.7575757575757576,0.704225352112676,33.0
Muito severo,84,0.0,0.0,0.0,1.0
Sadia,84,0.8,0.8,0.8,30.0
Severo,84,0.7692307692307693,0.9090909090909091,0.8333333333333334,11.0
accuracy,84,0.7428571428571429,0.7428571428571429,0.7428571428571429,0.7428571428571429
macro avg,84,0.5031320287899236,0.5283950617283951,0.5137761207769492,105.0
weighted avg,84,0.719495855022171,0.7428571428571429,0.7287976223353192,105.0
Leve,85,0.7272727272727273,0.5925925925925926,0.6530612244897959,27.0
Moderada,85,0.0,0.0,0.0,3.0
Muito leve,85,0.6216216216216216,0.696969696969697,0.6571428571428571,33.0
Muito severo,85,0.0,0.0,0.0,1.0
Sadia,85,0.7647058823529411,0.8666666666666667,0.8125,30.0
Severo,85,0.7777777777777778,0.6363636363636364,0.7,11.0
accuracy,85,0.6857142857142857,0.6857142857142857,0.6857142857142857,0.6857142857142857
macro avg,85,0.4818963348375113,0.46543209876543207,0.4704506802721089,105.0
weighted avg,85,0.682348658819247,0.6857142857142857,0.6799368318756074,105.0
Leve,86,0.6923076923076923,0.6666666666666666,0.6792452830188679,27.0
Moderada,86,0.0,0.0,0.0,3.0
Muito leve,86,0.6756756756756757,0.7575757575757576,0.7142857142857143,33.0
Muito severo,86,0.0,0.0,0.0,1.0
Sadia,86,0.8333333333333334,0.8333333333333334,0.8333333333333334,30.0
Severo,86,0.7777777777777778,0.6363636363636364,0.7,11.0
accuracy,86,0.7142857142857143,0.7142857142857143,0.7142857142857143,0.7142857142857143
macro avg,86,0.49651574651574654,0.4823232323232323,0.4878107217729859,105.0
weighted avg,86,0.7099539099539101,0.7142857142857143,0.7105814401232191,105.0
Leve,87,0.8260869565217391,0.7037037037037037,0.76,27.0
Moderada,87,0.0,0.0,0.0,3.0
Muito leve,87,0.6923076923076923,0.8181818181818182,0.75,33.0
Muito severo,87,0.0,0.0,0.0,1.0
Sadia,87,0.8620689655172413,0.8333333333333334,0.847457627118644,30.0
Severo,87,0.6923076923076923,0.8181818181818182,0.75,11.0
accuracy,87,0.7619047619047619,0.7619047619047619,0.7619047619047619,0.7619047619047619
macro avg,87,0.5121285511090609,0.5289001122334457,0.5179096045197741,105.0
weighted avg,87,0.7488376690775491,0.7619047619047619,0.7518450363196125,105.0
Leve,88,0.7058823529411765,0.8888888888888888,0.7868852459016393,27.0
Moderada,88,0.0,0.0,0.0,3.0
Muito leve,88,0.7857142857142857,0.6666666666666666,0.7213114754098361,33.0
Muito severo,88,0.0,0.0,0.0,1.0
Sadia,88,0.7878787878787878,0.8666666666666667,0.8253968253968254,30.0
Severo,88,0.8,0.7272727272727273,0.7619047619047619,11.0
accuracy,88,0.7619047619047619,0.7619047619047619,0.7619047619047619,0.7619047619047619
macro avg,88,0.513245904422375,0.5249158249158249,0.5159163847688437,105.0
weighted avg,88,0.7373691294699697,0.7619047619047619,0.7446860711497714,105.0
Leve,89,0.7407407407407407,0.7407407407407407,0.7407407407407407,27.0
Moderada,89,0.0,0.0,0.0,3.0
Muito leve,89,0.75,0.5454545454545454,0.631578947368421,33.0
Muito severo,89,0.0,0.0,0.0,1.0
Sadia,89,0.7297297297297297,0.9,0.8059701492537313,30.0
Severo,89,0.625,0.9090909090909091,0.7407407407407407,11.0
accuracy,89,0.7142857142857143,0.7142857142857143,0.7142857142857143,0.7142857142857143
macro avg,89,0.47424507841174507,0.5158810325476992,0.4865050963506056,105.0
weighted avg,89,0.7001608751608751,0.7142857142857143,0.6968510275135046,105.0
Leve,90,0.7692307692307693,0.7407407407407407,0.7547169811320755,27.0
Moderada,90,0.0,0.0,0.0,3.0
Muito leve,90,0.7105263157894737,0.8181818181818182,0.7605633802816901,33.0
Muito severo,90,0.0,0.0,0.0,1.0
Sadia,90,0.8620689655172413,0.8333333333333334,0.847457627118644,30.0
Severo,90,0.7272727272727273,0.7272727272727273,0.7272727272727273,11.0
accuracy,90,0.7619047619047619,0.7619047619047619,0.7619047619047619,0.7619047619047619
macro avg,90,0.5115164629683687,0.5199214365881032,0.5150017859675229,105.0
weighted avg,90,0.7436063633885776,0.7619047619047619,0.7514255128897251,105.0
Leve,91,0.7142857142857143,0.7407407407407407,0.7272727272727273,27.0
Moderada,91,0.0,0.0,0.0,3.0
Muito leve,91,0.7222222222222222,0.7878787878787878,0.7536231884057971,33.0
Muito severo,91,0.0,0.0,0.0,1.0
Sadia,91,0.8333333333333334,0.8333333333333334,0.8333333333333334,30.0
Severo,91,0.6363636363636364,0.6363636363636364,0.6363636363636364,11.0
accuracy,91,0.7428571428571429,0.7428571428571429,0.7428571428571429,0.7428571428571429
macro avg,91,0.48436748436748434,0.499719416386083,0.4917654808959157,105.0
weighted avg,91,0.7154195011337868,0.7428571428571429,0.7286278938452851,105.0
Leve,92,0.7692307692307693,0.7407407407407407,0.7547169811320755,27.0
Moderada,92,0.0,0.0,0.0,3.0
Muito leve,92,0.7586206896551724,0.6666666666666666,0.7096774193548387,33.0
Muito severo,92,0.0,0.0,0.0,1.0
Sadia,92,0.7941176470588235,0.9,0.84375,30.0
Severo,92,0.6666666666666666,0.9090909090909091,0.7692307692307693,11.0
accuracy,92,0.7523809523809524,0.7523809523809524,0.7523809523809524,0.7523809523809524
macro avg,92,0.4981059621019053,0.5360830527497195,0.5128958616196139,105.0
weighted avg,92,0.7329578692661857,0.7523809523809524,0.7387690646744208,105.0
Leve,93,0.7727272727272727,0.6296296296296297,0.6938775510204082,27.0
Moderada,93,0.0,0.0,0.0,3.0
Muito leve,93,0.65,0.7878787878787878,0.7123287671232876,33.0
Muito severo,93,0.0,0.0,0.0,1.0
Sadia,93,0.8,0.8,0.8,30.0
Severo,93,0.7272727272727273,0.7272727272727273,0.7272727272727273,11.0
accuracy,93,0.7142857142857143,0.7142857142857143,0.7142857142857143,0.7142857142857143
macro avg,93,0.4916666666666667,0.4907968574635242,0.4889131742360706,105.0
weighted avg,93,0.7077489177489178,0.7142857142857143,0.7070623161201859,105.0
Leve,94,0.782608695652174,0.6666666666666666,0.72,27.0
Moderada,94,0.0,0.0,0.0,3.0
Muito leve,94,0.6222222222222222,0.8484848484848485,0.717948717948718,33.0
Muito severo,94,0.0,0.0,0.0,1.0
Sadia,94,0.875,0.7,0.7777777777777778,30.0
Severo,94,0.7272727272727273,0.7272727272727273,0.7272727272727273,11.0
accuracy,94,0.7142857142857143,0.7142857142857143,0.7142857142857143,0.7142857142857143
macro avg,94,0.5011839408578539,0.4904040404040404,0.4904998704998705,105.0
weighted avg,94,0.7229882677708765,0.7142857142857143,0.7091965811965811,105.0
Leve,95,0.7586206896551724,0.8148148148148148,0.7857142857142857,27.0
Moderada,95,0.0,0.0,0.0,3.0
Muito leve,95,0.7272727272727273,0.7272727272727273,0.7272727272727273,33.0
Muito severo,95,0.0,0.0,0.0,1.0
Sadia,95,0.8275862068965517,0.8,0.8135593220338984,30.0
Severo,95,0.6153846153846154,0.7272727272727273,0.6666666666666666,11.0
accuracy,95,0.7428571428571429,0.7428571428571429,0.7428571428571429,0.7428571428571429
macro avg,95,0.4881440398681778,0.5115600448933783,0.49886883361459633,105.0
weighted avg,95,0.7245673866363522,0.7428571428571429,0.7328990353203427,105.0
Leve,96,0.6785714285714286,0.7037037037037037,0.6909090909090909,27.0
Moderada,96,0.0,0.0,0.0,3.0
Muito leve,96,0.6842105263157895,0.7878787878787878,0.7323943661971831,33.0
Muito severo,96,0.0,0.0,0.0,1.0
Sadia,96,0.8928571428571429,0.8333333333333334,0.8620689655172413,30.0
Severo,96,0.7,0.6363636363636364,0.6666666666666666,11.0
accuracy,96,0.7333333333333333,0.7333333333333333,0.7333333333333333,0.7333333333333333
macro avg,96,0.49260651629072677,0.49354657687991016,0.492006514881697,105.0
weighted avg,96,0.7179627640529898,0.7333333333333333,0.7239901127419339,105.0
Leve,97,0.7692307692307693,0.7407407407407407,0.7547169811320755,27.0
Moderada,97,0.0,0.0,0.0,3.0
Muito leve,97,0.7741935483870968,0.7272727272727273,0.75,33.0
Muito severo,97,0.0,0.0,0.0,1.0
Sadia,97,0.7941176470588235,0.9,0.84375,30.0
Severo,97,0.6153846153846154,0.7272727272727273,0.6666666666666666,11.0
accuracy,97,0.7523809523809524,0.7523809523809524,0.7523809523809524,0.7523809523809524
macro avg,97,0.49215443001021747,0.5158810325476991,0.5025222746331236,105.0
weighted avg,97,0.7324797909238138,0.7523809523809524,0.7406970649895178,105.0
Leve,98,0.7419354838709677,0.8518518518518519,0.7931034482758621,27.0
Moderada,98,0.0,0.0,0.0,3.0
Muito leve,98,0.75,0.7272727272727273,0.7384615384615385,33.0
Muito severo,98,0.0,0.0,0.0,1.0
Sadia,98,0.8571428571428571,0.8,0.8275862068965517,30.0
Severo,98,0.6923076923076923,0.8181818181818182,0.75,11.0
accuracy,98,0.7619047619047619,0.7619047619047619,0.7619047619047619,0.7619047619047619
macro avg,98,0.5068976722202528,0.5328843995510663,0.5181918656056587,105.0
weighted avg,98,0.7439231275636805,0.7619047619047619,0.7510534293292915,105.0
Leve,99,0.71875,0.8518518518518519,0.7796610169491526,27.0
Moderada,99,0.0,0.0,0.0,3.0
Muito leve,99,0.7272727272727273,0.7272727272727273,0.7272727272727273,33.0
Muito severo,99,0.0,0.0,0.0,1.0
Sadia,99,0.8333333333333334,0.8333333333333334,0.8333333333333334,30.0
Severo,99,0.8,0.7272727272727273,0.7619047619047619,11.0
accuracy,99,0.7619047619047619,0.7619047619047619,0.7619047619047619,0.7619047619047619
macro avg,99,0.5132260101010101,0.5232884399551067,0.5170286399099958,105.0
weighted avg,99,0.735297619047619,0.7619047619047619,0.7469695222721858,105.0
Leve,100,0.7,0.7777777777777778,0.7368421052631579,27.0
Moderada,100,0.0,0.0,0.0,3.0
Muito leve,100,0.6857142857142857,0.7272727272727273,0.7058823529411765,33.0
Muito severo,100,0.0,0.0,0.0,1.0
Sadia,100,0.8333333333333334,0.8333333333333334,0.8333333333333334,30.0
Severo,100,0.8,0.7272727272727273,0.7619047619047619,11.0
accuracy,100,0.7428571428571429,0.7428571428571429,0.7428571428571429,0.7428571428571429
macro avg,100,0.5031746031746032,0.5109427609427609,0.506327092240405,105.0
weighted avg,100,0.7174149659863945,0.7428571428571429,0.7292362559058712,105.0
